,Image,X_mm,X_pix,Y_mm,Y_pix,Z_mm,electrode_1,electrode_1_cnx,notes,rad_um,sweeps,z_electrode_1
0,ZSeries-10092017-0936-056,-6180.04278125,214,-7115.31707,297,1.951,51.2155499395,no cnx,,5.0,"[array([ 69,  71,  73,  75,  77,  79,  81,  83,  85,  87,  89,  91,  93,
        95,  97,  99, 101, 103, 105, 107])]",49.19
1,ZSeries-10092017-0936-056,-6116.45494662,386,-7070.06047294,419,52.231,87.3878979873,no cnx,,5.0,"[array([148, 150, 152, 154, 156, 158, 160, 162, 164, 166, 168, 170, 172,
       174, 176, 178, 180, 182, 184, 186])]",1.09
2,ZSeries-10092017-0936-056,-6223.2932547,97,-7092.18309583,359,1.951,60.4462867779,no cnx,,5.0,"[array([ 68,  70,  72,  74,  76,  78,  80,  82,  84,  86,  88,  90,  92,
        94,  96,  98, 100, 102, 104, 106])]",49.19
3,ZSeries-10092017-0936-056,-6129.53067115,350,-7022.26516076,549,52.231,109.493782542,no cnx,,5.0,"[array([149, 151, 153, 155, 157, 159, 161, 163, 165, 167, 169, 171, 173,
       175, 177, 179, 181, 183, 185, 187])]",1.09
4,ZSeries-10092017-0936-056,-6138.05890219,327,-7149.40336044,205,15.841,76.2149250673,no cnx,,5.0,"[array([108, 110, 112, 114, 116, 118, 120, 122, 124, 126, 128, 130, 132,
       134, 136, 138, 140, 142, 144, 146])]",35.3
5,ZSeries-10092017-0936-056,-6250.07800096,24,-7095.05155961,352,15.841,68.4559224655,no cnx,,5.0,"[array([109, 111, 113, 115, 117, 119, 121, 123, 125, 127, 129, 131, 133,
       135, 137, 139, 141, 143, 145, 147])]",35.3
