,Image,X_mm,X_pix,Y_mm,Y_pix,Z_mm,electrode_1,electrode_1_cnx,notes,rad_um,sweeps,z_electrode_1
0,TSeries-09252017-1022-026,-8008.80119324,290,-6239.40199398,317,-177.538,29.0739798604,tbd,,5.0,"[[28, 32, 36, 40, 44, 48, 52, 56, 60, 64]]",
1,TSeries-09252017-1022-026,-8062.1302559,146,-6226.06972832,353,-177.538,46.4783534376,tbd,,5.0,"[[29, 33, 37, 41, 45, 49, 53, 57, 61, 65]]",
2,TSeries-09252017-1022-026,-8031.02163601,230,-6259.40039249,263,-177.538,1.20020085943,tbd,,5.0,"[[26, 30, 34, 38, 42, 46, 50, 54, 58, 62]]",
3,TSeries-09252017-1022-026,-8095.09057936,57,-6205.33064839,409,-177.538,84.8077195233,tbd,,5.0,"[[27, 31, 35, 39, 43, 47, 51, 55, 59, 63]]",
