,Image,X_mm,X_pix,Y_mm,Y_pix,Z_mm,electrode_0,electrode_0_cnx,notes,rad_um,sweeps,z_electrode_0
0,ZSeries-10092017-0936-055,-6147.55947077,328,-7032.52164942,409,73.791,69.9650299917,no cnx,,5.0,"[array([102, 104, 106, 108, 110, 112, 114, 116, 118, 120])]",9.28
1,ZSeries-10092017-0936-055,-6193.26816729,204,-7144.11831554,107,11.621,115.50845511,no cnx,,5.0,"[array([121, 123, 125, 127, 129, 131, 133, 135, 137, 139])]",71.45
2,ZSeries-10092017-0936-055,-6156.64134547,303,-7154.97171583,78,27.371,127.145147163,inhibitory,,5.0,"[[141, 142, 143, 144, 145, 146, 147, 148, 149, 150]]",55.7
3,ZSeries-10092017-0936-055,-6241.51051279,73,-7112.11818057,194,11.621,95.5079865424,no cnx,,5.0,"[array([122, 124, 126, 128, 130, 132, 134, 136, 138, 140])]",71.45
4,ZSeries-10092017-0936-055,-6136.56990171,357,-7078.52882833,285,73.791,80.3347000465,no cnx,,5.0,"[array([101, 103, 105, 107, 109, 111, 113, 115, 117, 119])]",9.28
