,Image,X_mm,X_pix,Y_mm,Y_pix,Z_mm,electrode_0,electrode_0_cnx,notes,rad_um,sweeps,z_electrode_0
0,TSeries-09212017-0924-176,-7352.75550318,251,-7048.05991519,47,119.025,42.9866963407,no cnx,,5.0,"[array([ 30,  36,  42,  48,  54,  60,  66,  72,  78,  84,  90,  96, 102,
       108, 114, 120, 126, 132, 138, 144])]",
1,TSeries-09212017-0924-176,-7353.86652532,248,-7034.35730881,84,119.025,29.4308991531,no cnx,,5.0,"[array([ 26,  32,  38,  44,  50,  56,  62,  68,  74,  80,  86,  92,  98,
       104, 110, 116, 122, 128, 134, 140])]",
2,TSeries-09212017-0924-176,-7330.16471969,312,-6947.69758197,318,119.025,66.5607766206,no cnx,,5.0,"[array([ 28,  34,  40,  46,  52,  58,  64,  70,  76,  82,  88,  94, 100,
       106, 112, 118, 124, 130, 136, 142])]",
3,TSeries-09212017-0924-176,-7286.09417484,431,-7016.58095459,132,119.025,76.7195217831,no cnx,,5.0,"[array([ 27,  33,  39,  45,  51,  57,  63,  69,  75,  81,  87,  93,  99,
       105, 111, 117, 123, 129, 135, 141])]",
4,TSeries-09212017-0924-176,-7328.31301612,317,-7018.43265815,127,119.025,35.9621712428,tbd,,5.0,"[[29, 35, 41, 47, 53, 59, 65, 71, 77, 83, 89, 95, 101, 107, 113, 119, 125, 131, 137, 143]]",
5,TSeries-09212017-0924-176,-7319.0544983,342,-7026.58015384,105,119.025,47.6641626208,tbd,,5.0,"[[31, 37, 43, 49, 55, 61, 67, 73, 79, 85, 91, 97, 103, 109, 115, 121, 127, 133, 139, 145]]",
